<?xml version="1.0" encoding="UTF-8"?>
<config>    
    <rule index="1">
         <gift typeId="wd" count="3" />
    </rule>
    <rule index="2">
         <gift typeId="stn" count="3" />
    </rule>
    <rule index="3">
         <gift silver="150" />
    </rule>
    <rule index="4">
         <gift typeId="frt1" count="5" />
    </rule>
    <rule index="5">
         <gift gold="1" />
    </rule>
    <rule index="6">
         <gift typeId="brd" count="2" />
    </rule>
    <rule index="7">
         <gift typeId="mrbl" count="2" />
    </rule>
    <rule index="8">
         <gift silver="450" />
    </rule>
    <rule index="9">
         <gift typeId="frt18" count="5" />
    </rule>
    <rule index="10">
         <gift gold="3" />
    </rule>
    <rule index="11">
         <gift typeId="tlbx" count="1" />
    </rule>
    <rule index="12">
         <gift typeId="glss" count="3" />
    </rule>
    <rule index="13">
         <gift silver="950" />
    </rule>
    <rule index="14">
         <gift typeId="frt4" count="5" />
    </rule>
    <rule index="15">
         <gift gold="5" />
    </rule>
    <rule index="16">
         <gift typeId="lnfb" count="1" />
    </rule>
    <rule index="17">
         <gift typeId="teaClvr" count="3" />
    </rule>
    <rule index="18">
         <gift silver="1750" />
    </rule>
    <rule index="19">
         <gift typeId="frt6" count="5" />
    </rule>
    <rule index="20">
         <gift gold="7" />
    </rule>
    <rule index="21">
         <gift typeId="ctfb" count="1" />
    </rule>
    <rule index="22">
         <gift typeId="tinctOfAloes" count="3" />
    </rule>
    <rule index="23">
         <gift silver="2500" />
    </rule>
    <rule index="24">
         <gift typeId="frt11" count="5" />
    </rule>
    <rule index="25">
         <gift gold="9" />
    </rule>
    <rule index="26">
         <gift typeId="rdwd" count="1" />
    </rule>
    <rule index="27">
         <gift typeId="grnt" count="1" />
    </rule>
    <rule index="28">
         <gift silver="3500" />
    </rule>
    <rule index="29">
         <gift typeId="frt12" count="5" />
    </rule>
    <rule index="30">
         <gift gold="12" />
         <goto index="16" />
    </rule>
</config>