﻿<?xml version="1.0" encoding="UTF-8" ?>

<config>
    
    <boy>
    
        <!-- SKIN -->
        <category id="0" label="#avatarApearanceCategory0">
	        <item kind="1" />
	        <item kind="2" />
	        <item kind="3" />
	        <item kind="4" />
	        <item kind="5" />
        </category>
        
        <!-- EYES -->
        <category id="1" label="#avatarApearanceCategory1">
            <item kind="1" silver="180" />
            <item kind="2" silver="135"  />
            <item kind="3" silver="150"  />
            <item kind="4" silver="120"  />
            <item kind="5" silver="140"  />
            <item kind="6" silver="100"  />
            
            <!-- salonOnly -->
            <item kind="7" silver="270"  />
            <item kind="8" gold="3"  />
            <item kind="9" silver="200"  />
            <item kind="10" gold="3"  />
            <item kind="11" silver="420"  />
            <item kind="12" gold="1"  />

            <!-- GAME_UPDATE_AVA-3495 -->
            <item kind="13" gold="15"  />
            <item kind="14" gold="9"  />
            <item kind="15" gold="3"  />
            <item kind="16" gold="4"  />

            <!-- GAME_UPDATE_AVA-3991 -->
            <item kind="17" gold="1"  />
            <item kind="18" gold="4"  />
        </category>
        
        <!-- BROWS -->
        <category id="2" label="#avatarApearanceCategory2">
            <item kind="1" silver="50"  />
            <item kind="2" silver="65"  />
            <item kind="3" silver="55"  />
            <item kind="4" silver="95"  />
            <item kind="5" silver="105"  />
            <item kind="6" silver="45"  />
            
            <!-- salonOnly -->
            <item kind="7" gold="1"  />
            <item kind="8" silver="250"  />
            <item kind="9" gold="2"  />
            <item kind="10" silver="320"  />
            <item kind="11" gold="2"  />
            <item kind="12" silver="280"  />

            <!-- GAME_UPDATE_AVA-3495 -->
            <item kind="13" gold="1"  />
            <item kind="14" gold="5"  />
            <item kind="15" gold="1"  />
            <item kind="16" gold="7"  />

            <!-- GAME_UPDATE_AVA-3991 -->
            <item kind="17" gold="5"  />
            <item kind="18" silver="900"  />
        </category>
        
        <!-- MOUTH -->
        <category id="3" label="#avatarApearanceCategory3">
            <item kind="1" silver="70"  />
            <item kind="2" silver="65"  />
            <item kind="3" silver="100"  />
            <item kind="4" silver="80"  />
            <item kind="5" silver="60"  />
            <item kind="6" silver="115"  />
            
            <!-- salonOnly -->
            <item kind="7" silver="430"  />
            <item kind="8" silver="320"  />
            <item kind="9" gold="1"  />
            <item kind="10" silver="260"  />
            <item kind="11" gold="3"  />
            <item kind="12" gold="1"  />

            <!-- GAME_UPDATE_AVA-3495 -->
            <item kind="13" silver="590"  />
            <item kind="14" gold="2"  />
            <item kind="15" gold="2"  />
            <item kind="16" silver="380"  />

            <!-- GAME_UPDATE_AVA-3991 -->
            <item kind="17" gold="2"  />
            <item kind="18" silver="300"  />
        </category>
        
        <!-- HAIR -->
        <category id="4" label="#avatarApearanceCategory4">
            <item kind="1" silver="350"  />
            <item kind="2" silver="220"  />
            <item kind="3" silver="235"  />
            <item kind="4" silver="380"  />
            <item kind="5" silver="265"  />
            <item kind="6" silver="275"  />
            <item kind="7" silver="410"  />
            <item kind="8" silver="390"  />
            <item kind="9" silver="245"  />
            <item kind="10" silver="350"  />
            <item kind="11" silver="220"  />
            <item kind="12" silver="210"  />
            <item kind="13" silver="225"  />
            <item kind="14" silver="365"  />
            
            <!-- salonOnly -->
            <item kind="15" gold="3"  />
            <item kind="16" silver="675"  />
            <item kind="17" silver="580"  />
            <item kind="18" gold="4"  />
            <item kind="19" gold="5"  />
            <item kind="20" gold="3"  />
            <item kind="21" silver="790"  />
            <item kind="22" gold="3"  />
            <item kind="23" gold="3"  />
            <item kind="24" gold="2"  />
            <item kind="25" silver="540"  />
            <item kind="26" silver="835"  />
            <item kind="27" silver="720"  />
            <item kind="28" silver="815"  />
            <item kind="29" silver="1450"  />
            <item kind="30" gold="3"  />
            <item kind="31" gold="4"  />
            <item kind="32" gold="6"  />
            <item kind="33" silver="900"  />
            <item kind="34" gold="12"  />
            <item kind="35" silver="1650"  />
            <item kind="36" gold="4"  />
            <item kind="37" gold="3"  />
            <item kind="38" gold="11"  />
            <item kind="39" gold="7"  />
            <item kind="40" gold="24"  />
            <item kind="41" gold="21"  />
            <item kind="42" gold="22"  />
            <item kind="43" gold="15"  />
            <item kind="44" gold="9"  />
            <item kind="45" gold="21"  />
            <item kind="46" silver="2450"  />
            <item kind="47" silver="3200"  />
            <item kind="48" gold="17"  />

            <!-- GAME_UPDATE_22.07 -->
            <item kind="49" gold="14"  />
            <item kind="50" gold="20"  />

            <item kind="51" gold="16"  />
            <item kind="52" gold="30"  />

            <!-- GAME_UPDATE_AVA-1368 -->
            <item kind="53" gold="30"  />
            <item kind="55" gold="50"  />

            <!-- GAME_UPDATE_AVA-1369 -->
            <item kind="54" silver="3500"  />
            <item kind="56" gold="40"  />

            <!-- GAME_UPDATE_AVA-2156 -->
            <item kind="57" gold="55"  />
            <item kind="58" gold="32"  />

            <!-- GAME_UPDATE_AVA-3424 -->
            <item kind="59" gold="33"  />
            <item kind="60" gold="40"  />
            <item kind="61" gold="30"  />
            <item kind="62" gold="42"  />

            <!-- WEDDING_2018_AVA_3550 -->
            <item kind="63" silver="8700"  />
            <item kind="64" gold="29"  />
        </category>
        
        <!-- BEARD -->
        <category id="5" label="#avatarApearanceCategory5">
            <item kind="0" isCommon="1"/>
            <item kind="1" silver="160" />
            <item kind="2" silver="95" />
            <item kind="3" silver="125" />
            <item kind="4" silver="80" />
            <item kind="5" silver="75" />
            <item kind="6" silver="65" />
            <item kind="7" silver="60" />
            
            <!-- salonOnly -->
            <item kind="8" gold="4"  />
            <item kind="9" gold="3"  />
            <item kind="10" gold="6"  />
            <item kind="11" gold="15"  />
            <item kind="12" gold="12"  />
            <item kind="13" gold="14"  />
            <item kind="14" gold="11"  />

            <!-- GAME_UPDATE_AVA-1368 -->
            <item kind="15" gold="5"  />
            <item kind="16" gold="15"  />

            <!-- GAME_UPDATE_AVA-1369 -->
            <item kind="17" silver="500"  />

            <!-- GAME_UPDATE_AVA-2156 -->
            <item kind="18" gold="17"  />

            <!-- GAME_UPDATE_AVA-3424 -->
            <item kind="19" gold="17"  />
            <item kind="20" gold="19"  />
        </category>

        <!-- Pirsing -->
        <category id="9" label="#avatarApearanceCategory9">
            <item kind="0" isCommon="1"/>
            <item kind="1" brush="1" visagistLevel="1"/>
            <item kind="2" brush="2" visagistLevel="1"/>
            <item kind="3" brush="3" visagistLevel="1"/>
            <item kind="4" brush="4" visagistLevel="6"/>
            <item kind="5" brush="5" visagistLevel="6"/>
            <item kind="6" brush="6" visagistLevel="6"/>
            <item kind="7" brush="7" visagistLevel="14"/>
            <item kind="8" brush="8" visagistLevel="14"/>
            <item kind="9" brush="9" visagistLevel="14"/>
        </category>

        <!-- Face Art -->
        <category id="10" label="#avatarApearanceCategory10">
            <item kind="0" isCommon="1"/>
            <item kind="1" brush="1" visagistLevel="1"/>
            <item kind="2" brush="2" visagistLevel="1"/>
            <item kind="3" brush="3" visagistLevel="1"/>
            <item kind="4" brush="4" visagistLevel="3"/>
            <item kind="5" brush="5" visagistLevel="3"/>
            <item kind="6" brush="6" visagistLevel="3"/>
            <item kind="7" brush="7" visagistLevel="10"/>
            <item kind="8" brush="8" visagistLevel="10"/>
            <item kind="9" brush="9" visagistLevel="10"/>
        </category>

        <!-- FACE FEATURE -->
        <category id="11" label="#avatarApearanceCategory11">
            <!-- GAME_UPDATE_AVA-3495 -->
            <item kind="0" isCommon="1"/>
            <item kind="1" gold="4"  />
            <item kind="2" gold="13"  />
            <item kind="3" gold="29"  />
            <item kind="4" gold="7"  />
        </category>

    </boy>
    
    <girl>
    
        <!-- SKIN -->
        <category id="0" label="#avatarApearanceCategory0">
	        <item kind="1" />
	        <item kind="2" />
	        <item kind="3" />
	        <item kind="4" />
	        <item kind="5" />
        </category>
        
        <!-- EYES -->
        <category id="1" label="#avatarApearanceCategory1">
            <item kind="1" silver="180"  order="1" />
            <item kind="2" silver="185"  order="2" />
            <item kind="3" silver="190"  order="3" />
            <item kind="4" silver="165"  order="4" />
            <item kind="5" silver="170"  order="6" />
            <item kind="6" silver="160"  order="7" />
            <item kind="7" silver="165"  order="8" />
            <item kind="8" silver="180"  order="9" />
            
            <!-- salonOnly -->
            <item kind="9" gold="5"  />
            <item kind="10" silver="435"  />
            <item kind="11" silver="470"  />
            <item kind="12" silver="540"  />
            <item kind="13" gold="3"  />
            <item kind="14" gold="3"  />
            <item kind="15" gold="3"  />
            <item kind="16" silver="485"  />
            <item kind="17" gold="5"  />
            <item kind="18" silver="495"  />
            <item kind="19" gold="3"  />
            <item kind="20" silver="515"  />
            <item kind="21" gold="4"  />
            <item kind="22" gold="5"  />
            <item kind="23" silver="500"  />
            <item kind="24" gold="5"  />
            <item kind="25" silver="820"  />
            <item kind="26" silver="880"  />
            <item kind="27" gold="4"  />
            <item kind="28" gold="3"  />

            <item kind="29" gold="0"  order="5" band="LorealEyesBand@offers" />

            <!-- GAME_UPDATE_AVA-3495 -->
            <item kind="30" gold="3"  />
            <item kind="31" gold="9"  />
            <item kind="32" gold="15"  />
            <item kind="33" gold="4"  />

            <!-- GAME_UPDATE_AVA-3991 -->
            <item kind="34" gold="3"  />
            <item kind="35" gold="4"  />
        </category>
        
        <!-- BROWS -->
        <category id="2" label="#avatarApearanceCategory2">
            <item kind="1" silver="55"  />
            <item kind="2" silver="80"  />
            <item kind="3" silver="50"  />
            <item kind="4" silver="95"  />
            <item kind="5" silver="45"  />
            <item kind="6" silver="90"  />
            <item kind="7" silver="65"  />
            
            <!-- salonOnly -->
            <item kind="8" silver="350"  />
            <item kind="9" gold="3"  />
            <item kind="10" silver="405"  />
            <item kind="11" silver="410"  />
            <item kind="12" gold="5"  />
            <item kind="13" silver="380"  />
            <item kind="14" gold="1"  />
            <item kind="15" gold="2"  />
            <item kind="16" gold="4"  />
            <item kind="17" gold="4"  />
            <item kind="18" silver="410"  />
            <item kind="19" silver="500"  />
            <item kind="20" silver="370"  />
            <item kind="21" silver="425"  />

            <!-- GAME_UPDATE_AVA-3495 -->
            <item kind="22" gold="2"  />
            <item kind="23" gold="1"  />
            <item kind="24" gold="7"  />
            <item kind="25" gold="2"  />

            <!-- GAME_UPDATE_AVA-3991 -->
            <item kind="26" gold="3"  />
            <item kind="27" silver="590"  />
        </category>
        
        <!-- MOUTH -->
        <category id="3" label="#avatarApearanceCategory3">
            <item kind="1" silver="115"  />
            <item kind="2" silver="130"  />
            <item kind="3" silver="95"  />
            <item kind="4" silver="90"  />
            <item kind="5" silver="100"  />
            <item kind="6" silver="95"  />
            <item kind="7" silver="80"  />
            
            <!-- salonOnly -->
            <item kind="8" silver="420"  />
            <item kind="9" silver="485"  />
            <item kind="10" silver="550"  />
            <item kind="11" gold="3"  />
            <item kind="12" silver="495"  />
            <item kind="13" gold="3"  />
            <item kind="14" gold="5"  />
            <item kind="15" silver="680"  />
            <item kind="16" gold="3"  />
            <item kind="17" silver="735"  />
            <item kind="18" silver="720"  />
            <item kind="19" gold="3"  />
            <item kind="20" gold="3"  />
            <item kind="21" gold="4"  />

            <!-- GAME_UPDATE_AVA-3495 -->
            <item kind="22" gold="3"  />
            <item kind="23" gold="6"  />
            <item kind="24" gold="4"  />
            <item kind="25" gold="2"  />

            <!-- GAME_UPDATE_AVA-3991 -->
            <item kind="26" gold="6"  />
            <item kind="27" gold="5"  />
        </category>
        
        <!-- HAIR -->
        <category id="4" label="#avatarApearanceCategory4">
            <item kind="1" silver="320"  />
            <item kind="2" silver="350"  />
            <item kind="3" silver="330"  />
            <item kind="4" silver="365"  />
            <item kind="5" silver="315"  />
            <item kind="6" silver="325"  />
            <item kind="7" silver="295"  />
            <item kind="8" silver="300"  />
            <item kind="9" silver="320"  />
            <item kind="10" silver="360"  />
            <item kind="11" silver="385"  />
            <item kind="12" silver="330"  />
            <item kind="13" silver="320"  />
            <item kind="14" silver="290"  />
            <item kind="15" silver="300"  />
            <item kind="16" silver="310"  />
            <item kind="17" silver="375"  />
            
            <!-- salonOnly -->
            <item kind="18" gold="5"  />
            <item kind="19" gold="6"  />
            <item kind="20" gold="6"  />
            <item kind="21" silver="800"  />
            <item kind="22" gold="4"  />
            <item kind="23" silver="760"  />
            <item kind="24" silver="920"  />
            <item kind="25" gold="6"  />
            <item kind="26" gold="4"  />
            <item kind="27" gold="5"  />
            <item kind="28" gold="5"  />
            <item kind="29" silver="785"  />
            <item kind="30" gold="6"  />
            <item kind="31" silver="690"  />
            <item kind="32" silver="770"  />
            <item kind="33" silver="865"  />
            <item kind="34" gold="5"  />
            <item kind="35" gold="4"  />
            <item kind="36" gold="4"  />
            <item kind="37" gold="5"  />
            <item kind="38" silver="940"  />
            <item kind="39" silver="650"  />
            <item kind="40" gold="3"  />
            <item kind="41" silver="1000"  />
            <item kind="42" gold="3"  />
            <item kind="43" gold="3"  />
            <item kind="44" gold="4"  />
            <item kind="45" silver="950"  />
            <item kind="46" gold="25"  />
            <item kind="47" gold="20"  />
            <item kind="48" silver="6000"  />
            <item kind="49" silver="7800"  />
            <item kind="50" silver="7500"  />
            <item kind="51" gold="16"  />
            <item kind="52" gold="14"  />
            <item kind="53" gold="35"  />
            <item kind="54" gold="11"  />
            <item kind="55" gold="50"  />
            <item kind="56" gold="22"  />
            <item kind="57" silver="8350"  />
            <item kind="58" silver="4950"  />
            <item kind="59" gold="10"  />
            <item kind="60" gold="7"  />
            <item kind="61" gold="5"  />
            <item kind="62" silver="2200"  />
            <item kind="63" gold="8"  />
            <item kind="64" gold="9"  />
            <item kind="65" gold="16"  />
            <item kind="66" gold="12"  />
            <item kind="67" gold="15"  />
            <item kind="68" gold="16"  />
            <item kind="69" gold="10"  />
            <item kind="70" gold="12"  />
            <item kind="71" gold="10"  />
            <item kind="72" gold="11"  />
            <item kind="73" gold="15"  />
            <item kind="74" gold="12"  />
            <item kind="75" gold="8"  />
            <item kind="76" silver="2850"  />
            <item kind="77" gold="7"  />
            <item kind="78" silver="2700"  />
            <item kind="79" gold="17"  />
            <item kind="80" gold="14"  />
            <item kind="81" gold="6"  />
            <item kind="82" gold="19"  />
            <item kind="83" gold="15"  />
            <item kind="84" gold="23"  />
            <item kind="85" gold="35"  />
            <item kind="86" gold="21"  />
            <item kind="87" silver="3500"  />
            <item kind="88" gold="35"  />
            <item kind="89" silver="4400"  />

            <!-- GAME_UPDATE_22.07 -->
            <item kind="90" gold="19"  />
            <item kind="91" gold="22"  />

            <!-- GAME_UPDATE_AVA-1368-->
            <item kind="92" gold="40"  />
            <item kind="94" gold="50"  />

            <!-- GAME_UPDATE_AVA-1369 -->
            <item kind="93" gold="30"  />
            <item kind="95" silver="3700"  />

            <!-- GAME_UPDATE_AVA-2156 -->
            <item kind="96" gold="45"  />
            <item kind="97" gold="27"  />

            <!-- GAME_UPDATE_AVA-3424 -->
            <item kind="98" gold="33"  />
            <item kind="99" gold="29"  />
            <item kind="100" gold="32"  />
            <item kind="101" gold="43"  />

            <!-- WEDDING_2018_AVA_3550 -->
            <item kind="102" silver="15000"  />
            <item kind="103" gold="29"  />
        </category>
        
        <!-- SHADOW -->
        <category id="6" label="#avatarApearanceCategory6">
            <item kind="0" isCommon="1"/>
            <item kind="1" gold="2" />
            <item kind="2" silver="440"  />
            <item kind="3" gold="5"  />
            <item kind="4" gold="3"  />
            <item kind="5" gold="3"  />
            <item kind="6" gold="4"  />
            <item kind="7" silver="465"  />

            <item kind="8" brush="1" visagistLevel="1"/>
            <item kind="9" brush="2" visagistLevel="1"/>
            <item kind="10" brush="3" visagistLevel="1"/>
            <item kind="11" brush="4" visagistLevel="8"/>
            <item kind="12" brush="5" visagistLevel="8"/>
            <item kind="13" brush="6" visagistLevel="8"/>
            <item kind="14" brush="7" visagistLevel="15"/>
            <item kind="15" brush="8" visagistLevel="15"/>
            <item kind="16" brush="9" visagistLevel="15"/>

            <!-- GAME_UPDATE_AVA-3495 -->
            <item kind="17" gold="2"  />
            <item kind="18" silver="470"  />
            <item kind="19" silver="570"  />
            <item kind="20" gold="2"  />

            <!-- GAME_UPDATE_AVA-3991 -->
            <item kind="21" gold="5"  />
            <item kind="22" silver="700"  />
        </category>
        
        <!-- ROUGE -->
        <category id="7" label="#avatarApearanceCategory7">
            <item kind="0" isCommon="1"/>
            <item kind="1" gold="3" />
            <item kind="2" silver="500"  />
            <item kind="3" gold="2"  />
        </category>
        
        <!-- STRASS -->
        <category id="8" label="#avatarApearanceCategory8">
            <item kind="0" isCommon="1"/>
            <item kind="1" gold="3" />
            <item kind="2" gold="4"  />
            <item kind="3" gold="2"  />
            <item kind="4" gold="5"  />
            <item kind="5" silver="980"  />
            <item kind="6" silver="995"  />
            <item kind="7" silver="750"  />
            <item kind="8" gold="3"  />
            <item kind="9" gold="3"  />
            <item kind="10" gold="5"  />
            <item kind="11" gold="5"  />
            <item kind="12" gold="3"  />
            <item kind="13" gold="3"  />

            <item kind="14" brush="1" visagistLevel="1"/>
            <item kind="15" brush="2" visagistLevel="1"/>
            <item kind="16" brush="3" visagistLevel="1"/>
            <item kind="17" brush="4" visagistLevel="5"/>
            <item kind="18" brush="5" visagistLevel="5"/>
            <item kind="19" brush="6" visagistLevel="5"/>
            <item kind="20" brush="7" visagistLevel="11"/>
            <item kind="21" brush="8" visagistLevel="11"/>
            <item kind="22" brush="9" visagistLevel="11"/>
        </category>

        <!-- Pirsing -->
        <category id="9" label="#avatarApearanceCategory9">
            <item kind="0" isCommon="1"/>
            <item kind="1" brush="1" visagistLevel="1"/>
            <item kind="2" brush="2" visagistLevel="1"/>
            <item kind="3" brush="3" visagistLevel="1"/>

            <item kind="4" brush="4" visagistLevel="4"/>
            <item kind="5" brush="5" visagistLevel="4"/>
            <item kind="6" brush="6" visagistLevel="4"/>
            <item kind="7" brush="7" visagistLevel="13"/>
            <item kind="8" brush="8" visagistLevel="13"/>
            <item kind="9" brush="9" visagistLevel="13"/>
        </category>

        <!-- Face Art -->
        <category id="10" label="#avatarApearanceCategory10">
            <item kind="0" isCommon="1"/>
            <item kind="1" brush="1" visagistLevel="1"/>
            <item kind="2" brush="2" visagistLevel="1"/>
            <item kind="3" brush="3" visagistLevel="1"/>
            <item kind="4" brush="4" visagistLevel="3"/>
            <item kind="5" brush="5" visagistLevel="3"/>
            <item kind="6" brush="6" visagistLevel="3"/>
            <item kind="7" brush="7" visagistLevel="9"/>
            <item kind="8" brush="8" visagistLevel="9"/>
            <item kind="9" brush="9" visagistLevel="9"/>
        </category>

        <!-- FACE FEATURE -->
        <category id="11" label="#avatarApearanceCategory11">
            <!-- GAME_UPDATE_AVA-3495 -->
            <item kind="0" isCommon="1"/>
            <item kind="1" gold="4"  />
            <item kind="2" gold="13"  />
            <item kind="3" gold="29"  />
            <item kind="4" gold="7"  />
        </category>
        
    </girl>
    
</config>